{
    "作者": "摄氏零度",
    "站名": "XBPQ影视",
    "请求头": "User-Agent$MOBILE_UA",
    "编码": "UTF-8",
    "主页url": "http://www.haodooo.com/",
    "首页": "120",
    "起始页": "1",
    "分类url": "/vishow/{cateId}-{class}.html",
     "分类": "电影$1#电视剧$2#综艺$3#动漫$4#美图$33",
    "影片年代": "年份：&&</p",
    "影片地区": "地区：&&</p",
    "影片类型": "类别：&&</p",
    "状态": "状态：&&</p",
    "导演": "🌴+导演：&&</p",
    "主演": "🌴+主演：&&</p",
    "搜索url":"http://www.haodooo.com/visearch/?wd={wd}&submit=",
    "筛选": "1",
"剧情": "剧情片$12#喜剧片$11#战争片$10#恐怖片$9#科幻片$8#动作片$6#爱情片$7#纪录片$20||欧美剧$16#日韩剧$15#港台剧$14#大陆剧$13||大陆综艺$21#日韩综艺$22#港台综艺$23#欧美综艺$24||国产动漫$25#日韩动漫$26#欧美动漫$27||美图1$34#美图2$35#美图3$36#美图4$37#美图5$38#美图6$39#美图7$40#美图8$41#美图9$42#美图10$43#美图11$44#美图12$45#美图13$46#美图14$47#美图15$48#美图16$49#美图17$50#美图18$51#美图19$52#美图20$53"
            }