{
"作者": "小可乐/2409/第五版",
"备注": "与毒舌，网飞猫同一站，就主页网址不一样，可可：https://www.keke7.app，毒舌: https://www.dushe7.app，网飞猫: https://www.ncat2.com:51111",
"站名": "可可影视",
"请求头": "User-Agent$MOBILE_UA",
"编码": "UTF-8",
"图片代理": "0",

"主页url": "https://www.keke7.app",
"首页": "120",
"起始页": "1",
"分类url": "/show/{cateId}-{class}-{area}-{lang}-{year}-{by}-{catePg}.html;;mrcd0",
"分类": "电影&剧集&综艺&动漫&短剧",
"分类值": "1&2&4&3&6",

"数组": "默认--/detail&&</a>||搜索--/detail&&</a>",
"标题": "默认--</div>*title\">&&<||搜索--title=\"&&\"",
"图片": "https://61.147.93.252:15002/+data-original=\"/&&\"",
"副标题": "</span>*<span>&&</span>||搜索--tags\">&&</span>",
"链接": "/detail/+/&&\"",

"影片年代": "detail-tags-item\">&&</a>",
"影片地区": "----.html*>&&</a>",
"影片类型": "-----.html*>&&</div>",
"状态": "备注:</div>&&</div>",
"导演": "导演:</div>&&</div>",
"主演": "演员:</div>&&</div>",
"简介": "detail-desc\">&&</p>",

"线路数组": "source-item\">&&</a>[不包含:4K]",
"线路标题": "👶+</span>*>&&</span>",
"播放数组": "episode-list&&</div>",
"播放列表": "<a&&/a>",
"播放标题": ">&&<",
"播放链接": "href=\"&&\"",

"直接播放": "0",
"嗅探词": ".mp4#.m3u8",

"搜索请求头": "User-Agent$MOBILE_UA",
"搜索url": "/search?k={wd}&page={pg}",
"搜索模式": "1",

"筛选": "1",
"剧情": "Netflix&剧情&喜剧&动作&爱情&恐怖&惊悚&犯罪&科幻&悬疑&奇幻&冒险&战争&历史&古装&家庭&传记&武侠&歌舞&短片&动画&儿童&职场||Netflix&剧情&爱情&喜剧&犯罪&悬疑&古装&动作&家庭&惊悚&奇幻&美剧&科幻&历史&战争&韩剧&武侠&言情&恐怖&冒险&都市&职场||纪录&真人秀&记录&脱口秀&剧情&历史&喜剧&传记&相声&节目&歌舞&冒险&运动&Season&犯罪&短片&搞笑&晚会||Netflix&动态漫画&剧情&动画&喜剧&冒险&动作&奇幻&科幻&儿童&搞笑&爱情&家庭&短片&热血&益智&悬疑&经典&校园&Anime&运动&亲子&青春&恋爱&武侠&惊悚||逆袭&甜宠&虐恋&穿越&重生&剧情&科幻&武侠&爱情&动作&战争&冒险&其它",
"剧情值": "*",
"地区": "中国大陆&中国香港&中国台湾&美国&日本&韩国&英国&法国&德国&印度&泰国&丹麦&瑞典&巴西&加拿大&俄罗斯&意大利&比利时&爱尔兰&西班牙&澳大利亚&其他||中国大陆&中国香港&韩国&美国&日本&法国&英国&德国&中国台湾&泰国&印度&其他||中国大陆&中国香港&中国台湾&美国&日本&韩国&其他||日本&中国大陆&中国台湾&美国&中国香港&韩国&英国&法国&德国&印度&泰国&丹麦&瑞典&巴西&加拿大&俄罗斯&意大利&比利时&爱尔兰&西班牙&澳大利亚&其他||空",
"地区值": "*",
"年份": "2024&2023&2022&2021&2020&10年代&00年代&90年代&80年代&更早",
"年份值": "2024&2023&2022&2021&2020&2010_2019&2000_2009&1990_1999&1980_1989&0_1979",
"语言": "国语&粤语&英语&日语&韩语&法语||国语&粤语&英语&日语&韩语&法语||国语&粤语&英语&日语&韩语&法语||国语&粤语&英语&日语&韩语&法语||空",
"语言值": "*",
"排序": "综合&最新&最热&评分",
"排序值": "1&2&3&4"
}