{
    "首页": "0",
    "播放链接前缀": "https://www.lgys.me",
    "数组": "hl-item-thumb hl-lazy&&</li>",
    "图片": "data-original=\"&&\"",
    "标题": "title=\"&&\"",
    "副标题": "class=\"public-prt hide ol2\">&&</span>",
    "链接": "href=\"&&\"",
    //"线路数组": "swiper-slide&&</a>",
    "线路标题": "蓝光+&&<",
    "播放数组": "hl-plays-list&&</ul>",
    "播放列表": "<li&&</li>",
    "播放标题": "html\">&&</a>",
    "播放链接": "href=\"&&\"",
    "分类url": "https://www.lgys.me/index.php/vod/show/area/{area}/by/{by}/class/{class}/id/{cateId}/lang/{lang}/page/{catePg}/year/{year}.html",
    "分类": "电影$1#剧集$2#综艺$3#动漫$4#短剧$21#少儿$22"
}
