{
    "作者": "年少轻狂",
    "站名": "",
    "请求头": "User-Agent@Mozilla/5.0 (Linux；； Android 12；； RMX3370 Build/RKQ1.211103.002；； wv) AppleWebKit/537.36 (KHTML, like Gecko) Version/4.0 Chrome/134.0.6998.109 Mobile Safari/537.36&&Cookie@clothes=black&&Accept@text/html,application/xhtml+xml,application/xml；；q=0.9,image/avif,image/webp,image/apng,*/*；；q=0.8,application/signed-exchange；；v=b3；；q=0.7&&Accept-Language@zh-CN,zh；；q=0.9",
    "编码": "UTF-8",
    "图片代理": "0",
    "主页url": "http://www.jiuytv.cc/",
    "首页": "120",
    "起始页": "1",
    "分类url": "http://www.jiuytv.cc/vodshow/{cateId}-{area}-{by}-{class}-{lang}-{letter}---{catePg}---{year}/;;mrcd0",
    "分类": "电影&剧集&综艺&动漫&b站&福利",
    "分类值": "SCCCCS&qCCCCS&ICCCCS&xCCCCS&uCCCCS&0CCCCS",
    "二次截取": "module-items\">&&id=\"page[替换:module-footer>>module-item]",
    "数组": "module-item-pic\">&&module-item\">",
    "标题": "title=\"&&\"",
    "图片": "data-src=\"&&\"",
    "副标题": "module-item-text\">&&<",
    "链接": "href=\"&&\"",
    "影片年代": "year/*.html\">&&</a>",
    "影片地区": "area/*.html\">&&</div>",
    "影片类型": "class/*.html\">&&</div>",
    "状态": "集数：&&</div>",
    "导演": "导演：&&</div>",
    "主演": "主演：&&</div></div",
    "简介": "👶+content vod_content\">&&</span>",
    "线路二次截取": "",
    "线路数组": "module-tab-item tab-item&&/small>",
    "线路标题": "👶+>&&</span>+【共+<small>&&<+集】",
    "播放二次截取": "",
    "播放数组": "module-blocklist\">&&</div>",
    "播放列表": "<a&&/a>",
    "播放标题": ">&&</span",
    "播放链接": "href=\"&&\"",
    "解析": "",
    "直接播放": "0",
    "播放请求头": "",
    "嗅探词": ".mp4#.m3u8",
    "过滤词": "",
    "跳转播放链接": "urlDecode(var player_*url\":\"&&\")",
    "跳转解析": "",
    "搜索请求头": "User-Agent$MOBILE_UA",
    "搜索url": "/index.php/ajax/suggest?mid=1&wd={wd}&page={pg}&limit=30;post;wd={wd}&page={pg}",
    "搜索模式": "1",
    "搜索后缀": "",
    "搜索二次截取": "",
    "搜索数组": "lazyload\"&&</a>",
    "搜索标题": "title=\"&&\"",
    "搜索图片": "data-original=\"&&\"",
    "搜索副标题": "text-right\">&&<",
    "搜索链接": "href=\"&&\"",
    "筛选": "1",
    "类型": "",
    "剧情": "",
    "剧情值": "*",
    "地区": "",
    "地区值": "*",
    "年份": "",
    "年份值": "*",
    "语言": "",
    "语言值": "*",
    "字母": "A&B&C&D&E&F&G&H&I&J&K&L&M&N&O&P&Q&R&S&T&U&V&W&X&Y&Z&0-9",
    "字母值": "*",
    "排序": "时间&人气&评分",
    "排序值": "time&hits&score"
}