{
    "作者": "年少送给乐哥撸专用",
    "站名": "乐哥爱撸",
    "请求头": "User-Agent$MOBILE_UA",
    "编码": "UTF-8",
    "图片代理": "0",
    "主页url": "https://v.douhuatv.com/",
    "首页": "120",
    "起始页": "1",
    "分类url": "https://v.douhuatv.com/list_p_{cateId}-pg-{catePg}.html;;mrcd0",
    "分类": "电影&剧集&综艺&动漫",
    "分类值": "1&2&3&4",
    "二次截取": "",
    "数组": "list-link\"&&</a>",
    "标题": "title=\"&&\"",
    "图片": "src=\"&&\"",
    "副标题": "👌乐哥爱撸-+duration\">&&</div",
    "链接": "href=\"&&\"",
    "影片年代": "👌乐哥使劲撸+&&</dd>",
    "影片地区": "👌乐哥加油撸+&&</dd>",
    "影片类型": "👌乐哥继续撸+&&</dd>",
    "状态": "👌乐哥努力撸+&&</dd>",
    "导演": "👌乐哥拼命撸+&&</dd>",
    "主演": "👌乐哥瞪眼撸+&&</dd>",
    "简介": "👶乐哥为您表演+panel-helpbc\">&&</p>",
    "线路二次截取": "",
    "线路数组": "panel-heading\"&&</div>",
    "线路标题": "👶乐哥在撸+>&&</strong>",
    "播放二次截取": "",
    "播放数组": "dslist-group clearfix\">&&</ul>",
    "播放列表": "<a&&/a>",
    "播放标题": ">&&<",
    "播放链接": "href='&&'",
    "解析": "",
    "直接播放": "0",
    "播放请求头": "",
    "嗅探词": ".mp4#.m3u8",
    "过滤词": "",
    "跳转播放链接": "var zanpiancms_player =\"url\":\"&&\"",
    "跳转解析": "",
    "搜索请求头": "User-Agent$MOBILE_UA",
    "搜索url": "https://v.douhuatv.com/list_p_id.html?wd={wd}",
    "搜索模式": "1",
    "搜索后缀": "",
    "搜索二次截取": "",
    "搜索数组": "",
    "搜索标题": "👌乐撸影视",
    "搜索图片": "",
    "搜索副标题": "",
    "搜索链接": "",
    "筛选": "1",
    "类型": "动作片$6#喜剧片$7#科幻片$8#剧情片$10#战争片$11#好看视频$20#福利片$21||国产剧$12#香港剧$13#韩国剧$14#欧美剧$15||空||空",
    "剧情": "",
    "剧情值": "*",
    "地区": "",
    "地区值": "*",
    "年份": "",
    "年份值": "*",
    "语言": "",
    "语言值": "*",
    "字母": "A&B&C&D&E&F&G&H&I&J&K&L&M&N&O&P&Q&R&S&T&U&V&W&X&Y&Z&0-9",
    "字母值": "*",
    "排序": "时间&人气&评分",
    "排序值": "time&hits&score"
}