{
            "key": "0413乐撸",
            "name": "豆花荡",
            "type": 3,
            "searchable": 1,
            "quickSearch": 1,
            "filterable": 1,
            "changeable": 1,
            "api": "csp_XBPQ",
            "ext": {
                "请求头": "User-Agent$MOBILE_UA",
                "编码": "UTF-8",
                "首页": "0",
                "起始页": "1",
                "分类url": "https://v.douhuatv.com/list_p_{cateId}-pg-{catePg}.html;;mrcd0",
                "分类": "陶冶情操视频&福利写真视频",
                "分类值": "20&21",
                "数组": "list-link\"&&</a>",
                "标题": "title=\"&&\"",
                "图片": "data-original=\"&&\"",
                "副标题": "duration\">&&</div",
                "链接": "href=\"&&\"",
                "简介": "panel-helpbc\">&&</p>",
                "线路数组": "panel-heading\"&&</div>",
                "线路标题": ">&&</strong>",
                "播放数组": "dslist-group clearfix\">&&</ul>",
                "播放列表": "<a&&/a>",
                "播放标题": ">&&<",
                "播放链接": "href='&&'",
                "嗅探词": ".mp4#.m3u8",
                "跳转播放链接": "var zanpiancms_player =\"url\":\"&&\"",
                "搜索请求头": "User-Agent$MOBILE_UA",
                "搜索url": "https://v.douhuatv.com/list_p_id.html?wd={wd}",
                "搜索模式": "1"
            }
        }