{
    "请求头": "User-Agent$MOBILE_UA",
    "主页url": "https://huacongmod01.xyz",
    "数组": "<a class=\"stui-vodlist__thumb lazyload\"&&</a",
    "图片": "data-original=\"&&\"",
    "标题": "title=\"&&\"",
    "链接": "href=\"&&\"",
    "副标题": "<span class=\"pic-text text-right\">&&</span",
    "直接播放": "1",
    "分类url": "https://huacongmod01.xyz/index.php/vod/type/id/{cateId}/page/{catePg}.html;;rc",
    "分类": "中文字幕$24#国产传媒$21#国产视频$22#日本有码$23#无码影片$27"
}